Brand,Name,Price,ID
Donut Disturb,Perfect plain,$4.00 ,1000
Donut Disturb,Creamy delight,$4.50 ,1001
Donut Disturb,Heavenly blue,$4.50 ,1002
Donut Disturb,Original orange,$4.50 ,1003
Donut Disturb,Zesty sprinkles,$4.75 ,1004
Donut Disturb,Kitty litter chocolate,$5.00 ,1005
Donut Disturb,Scrumptious surprise,$5.00 ,1006
Donut Disturb,Suspicious cream,$5.69 ,1007
Donut Disturb,Swanky estrogen,$1.00 ,1008
Donut Disturb,Delicious apple,$4.50 ,1009
Donut Disturb,Sweet & sour,$4.50 ,1010
Donut Disturb,The second coming of christ,$67 ,1011
