Brand,Name,Price,ID,Quantity
Donut Disturb,Perfect plain,$4.00 ,1000,22
Donut Disturb,Creamy delight,$4.50 ,1001,23
Donut Disturb,Heavenly blue,$4.50 ,1002,17
Donut Disturb,Original orange,$4.50 ,1003,20
Donut Disturb,Zesty sprinkles,$4.75 ,1004,9
Donut Disturb,Kitty litter chocolate,$5.00 ,1005,29
Donut Disturb,Scrumptious surprise,$5.00 ,1006,15
Donut Disturb,Suspicious cream,$5.69 ,1007,5
Donut Disturb,Swanky estrogen,$1.00 ,1008,148
Donut Disturb,Delicious apple,$4.50 ,1009,19
Donut Disturb,Sweet & sour,$4.50 ,1010,22
Donut Disturb,The second coming of christ,$67 ,1011,1
